word,ebay,name,integer,photo,view,cart
sumo,ebay,Janie Smith,350872,photo,view,cart
enjepid,ebay,Sally Carlson,913385,photo,view,cart
lez,ebay,Jason Pope,465355,photo,view,cart
hut,ebay,Jorge Sanders,-937139,photo,view,cart
igi,ebay,Charlotte Klein,-905992,photo,view,cart
kocsusuwu,ebay,Mable Dawson,404452,photo,view,cart
zocumiso,ebay,Thomas Clayton,-474390,photo,view,cart
jijkinmor,ebay,Georgia Barnett,742850,photo,view,cart
awe,ebay,Steve Strickland,123579,photo,view,cart
jadicu,ebay,Mildred Sullivan,923406,photo,view,cart
pedjen,ebay,Hilda Mendoza,550095,photo,view,cart
me,ebay,Nicholas Caldwell,-497503,photo,view,cart
hilfa,ebay,Kyle Conner,-841558,photo,view,cart
louzo,ebay,Elizabeth Riley,-421334,photo,view,cart
neba,ebay,Wesley Alvarez,-869567,photo,view,cart
ipu,ebay,Lewis Barrett,365502,photo,view,cart
zu,ebay,Ruby Mullins,920815,photo,view,cart
nipud,ebay,Chad Roberson,-906981,photo,view,cart
jupodudat,ebay,Carl Evans,-750625,photo,view,cart
vasvo,ebay,Sallie McGuire,390187,photo,view,cart

